section_number,category,pptype,asset_description,effective_life
2,8,1,Banks-Furniture & Fixtures,12
2,8,2,Barber & Beauty Shops,10
2,8,3,Cocktail & Beer Bars,10
2,8,4,Department Store Furniture ,12
2,8,5,Drug Store F & F,12
2,8,6,Grocery Store F & F,12
2,8,7,Hardware Store F & F,12
2,8,8,Hospitals & Nursing Home- F& F,12
2,8,9,Hospitals & Nursing Home- Matresses,3
2,8,10,Hotel F & F,10
2,8,11,Jewelry Store F & F ,12
2,8,99,Miscellaneous F & F,12
2,8,12,Motel Furniture ,10
2,8,13,Office F & F,12
2,8,14,Restaurants  Drive-Ins - F & F,10
2,8,15,Stores -F&F (Retail),12
2,8,16,Stores- F&F (wholesale),12
2,8,17,Theater-F & F,15
3,10,1,Agricultural Machinery & Equipment,10
3,10,2,Agricultural Machinery & Equipment/Feed Mill Equipment (Production Line),20
3,10,3,Air Conditioning & Heat Repair,10
3,10,4,Air Conditioning Single Room Unit,8
3,10,5,Aircraft Parts Mfg. M & E,12
3,10,6,All Terrain Vehicles,10
3,10,7,Aluminum Industry M & E,20
3,10,8,Amusement & Theme Parks,12
3,10,9,Amusement Devices (Inflatable Air Bouncers),5
3,10,10,"Amusement Devices (Music, Pinball Mach., etc.)",12
3,10,11,Amusement Devices (VCR & DVD Players),5
3,10,12,Amusement Devices (Video Games),3
3,10,13,Amusement Devices (Video poker gaming Equipment),5
3,10,14,"Antenna (ex. Mounted on Towers) for CATV, etc.",8
3,10,15,Apparel Mfg. M & E,20
3,10,16,Auto Parts Retail,10
3,10,17,Auto Quick Service,10
3,10,18,Auto Repair M & E,8
3,10,19,Auto Repair M & E/Diagnostic Equipment (Electronic),5
3,10,20,Auto Repair M & E/Paint Booths,15
3,10,21,Auto Repair M & E/Small Tools,5
3,10,22,"Bakeries:Commercial (i.e. Albertson's, Mom & Pop, etc.)",12
3,10,23,"Bakeries:Industrial (i.e. Holsum, Sunbeam Bread )",20
3,10,24,Banks/Alarm systems,5
3,10,25,Banks/Automatic Teller Machines (ATMs),8
3,10,26,Banks/Encoders,10
3,10,27,Banks/Safety Deposit Boxes,25
3,10,28,Banks/Vault Doors,25
3,10,29,Banks/Video Equipment,5
3,10,30,Barber & Beauty Shops,10
3,10,31,Barber & Beauty Shops/Tanning Beds,10
3,10,32,Bleach Mfg. M & E,12
3,10,33,"Blueprinting, Photostating, Mimeographing & Lithographing (non-electronic)",10
3,10,34,Boat Molds (fiberglass),8
3,10,35,Book Bindery,12
3,10,36,Bottling & Soft Drinks Mfg. M & E,20
3,10,37,Bowling Lanes,12
3,10,38,Bowling Lanes/Automatic Pinsetters & other M & E,10
3,10,39,Brewing & Distilling M & E,20
3,10,40,Butcher Shops,12
3,10,41,C.A.T.V. Equipment/Cablevision Systems,10
3,10,42,C.A.T.V. Equipment/Headend Active (Equipment & Tower),8
3,10,43,C.A.T.V. Equipment/House Drops & Converters,3
3,10,44,C.A.T.V. Equipment/P & E (Distribution),10
3,10,45,C.A.T.V. Equipment/Test Equipment and Tools,5
3,10,46,C.A.T.V. Equipment/Tower,20
3,10,47,Cabinet Shop M & E,8
3,10,48,Candy & Confections Mfg. M & E,12
3,10,49,Cannery M & E,20
3,10,50,Car Wash (5 min. & coin-op),10
3,10,51,Cash Registers & Scanners (Also See Supermarkets),5
3,10,52,Cellular/PCS-Antennas,5
3,10,53,Cellular/PCS-Electronics,5
3,10,54,Cellular/PCS-Leasehold Improvements,15
3,10,55,Cellular/PCS-Power and Batteries,5
3,10,56,Cellular/PCS-Software,3
3,10,57,Cellular/PCS-Switching,5
3,10,58,Cellular/PCS-Telephone Handsets,3
3,10,59,"Cellular/PCS-Towers, Microwaves",20
3,10,60,Cellular/PCS-Transmission,5
3,10,61,"Cement, Clay & Brick Prods. Mfg. M & E",20
3,10,62,Chemical Industry M & E,15
3,10,63,Chiropractic Equipment,10
3,10,64,Clothing Mfg. M & E,20
3,10,65,Cocktail & Beer Bars,10
3,10,66,Coin-op Machines(VENDING),10
3,10,67,Cold Storage Warehouse Equipment,12
3,10,68,Compressors (General Business Assets Only),12
3,10,69,Computer Software,3
3,10,70,Computers/Desktops,3
3,10,71,Computers/Desktops-Handhelds,3
3,10,72,Computers/Desktops-Laptops,3
3,10,73,Computers/Desktops-Main Frame,5
3,10,74,Computers/Desktops-Midrange,5
3,10,75,Computers/Desktops-Peripherals,3
3,10,76,Computers/Desktops-Personal computers,3
3,10,77,Computers/Desktops-Servers,5
3,10,78,Construction M & E - Others,20
3,10,79,Construction M & E-Asphalt Plants - Portable,10
3,10,80,Construction M & E-Asphalt Plants - Stationary,12
3,10,81,"Construction M & E-Cranes, Crawler",20
3,10,82,Construction M & E-dddddRad Construction (heavy),10
3,10,83,Construction M & E-General construction,10
3,10,84,Construction M & E-Land Clearing,10
3,10,85,Construction M & E-Marine Construction - Pleasure craft,12
3,10,86,Construction M & E-Marine Construction - ships & Vessels,20
3,10,87,Construction M & E-Mobile Telescopic,8
3,10,88,Construction M & E-Rock Crusing - Portable,10
3,10,89,Construction M & E-Rock Crusing - Stationary,12
3,10,90,Construction M & E-Sewer & Utilities,10
3,10,91,Construction M & E-Well Drilling (other than O & G),10
3,10,92,Converters TV(Residential Type),3
3,10,93,Coolers (walk-in),12
3,10,94,Coolers/Water (Installed/Water Fountain),10
3,10,95,Coolers/Water (Portable),5
3,10,96,Coolers/Water Botles (5 gallon),3
3,10,97,Copy Machines,3
3,10,98,Cotton Gins,12
3,10,99,Cranes (crawler),20
3,10,100,Credit Card Machine (In Store Swipe-type),5
3,10,101,Dairy Processing M & E,20
3,10,102,"Day Care (Exclude Office, Kitchen & Computer Assets)",5
3,10,103,Dental Equipment,12
3,10,104,Department Store Furniture & Equipment,12
3,10,106,Digital Cameras & Recorders,5
3,10,107,Dispensing Machinery (coin-op),10
3,10,108,Distilling & Brewing M & E,20
3,10,109,"Doctors, Dentists & Professional Equipment",12
3,10,110,Dry Cleaning & Laundry M & E(Coin-Op),5
3,10,111,Dry Cleaning & Laundry M & E(Except Coin-op),12
3,10,105,Dyes & Molds,10
3,10,112,Electrical Generating/Gas & Diesel,10
3,10,113,Electrical Generating/Steam,25
3,10,114,Electrical Mfg. M & E,15
3,10,115,Electrical Transmission & Distribution,25
3,10,116,Electronic Equipment,5
3,10,117,Electronic Mfg. Equipment,8
3,10,118,Feedmill M & E,12
3,10,119,Fertilizer Applicators,10
3,10,120,Fertilizer Mfg. M & E,8
3,10,121,Fiberglass Molds,8
3,10,122,Fish Processing M & E,20
3,10,123,Fitness Equipment/Electronic,5
3,10,124,Fitness Equipment/Manual,8
3,10,125,Florist Retail (Except Computers and Other Office Equipment),8
3,10,126,"Flour, Cereal & Grain Milling",20
3,10,127,Food Processing M & E,20
3,10,128,Forklifts/Inside,12
3,10,129,Forklifts/Outside,10
3,10,130,Foundry M & E,20
3,10,131,Fruit Bins & Cargo Pallets,10
3,10,132,Gaming Equipment:All other gaming Equipment,10
3,10,133,"Gaming Equipment:ELECTRONIC, SLOTS, OR COMPUTERS",5
3,10,134,Gaming Equipment:Lotto Machines,3
3,10,135,"Gaming Equipment:Mechanical , Slots",10
3,10,136,Garage M & E,8
3,10,137,General Contractor M & E,8
3,10,138,Golf Carts,8
3,10,139,Golf Course Equipment,10
3,10,140,Golf Course Tractors,12
3,10,141,GPS Receivers (Hand Held),3
3,10,142,Greenhouse & Nursery M & E,10
3,10,143,Grocery Store Walk-in Coolers,12
3,10,144,Hatchery M & E,10
3,10,145,Health Spa Equipment,10
3,10,147,Hospital & Nursing Home - High Tech (Computer Driven) Equipment (including MRI Equipment),5
3,10,146,Hospital & Nursing Home Equipment,12
3,10,148,Ice & Refrigeration M & E,20
3,10,149,Ice Cream Cabinets,10
3,10,150,Iron & Steel Industry M & E,25
3,10,151,Janitorial Service M & E,10
3,10,152,Jewelry Store F & F and Equipment,12
3,10,153,Key Duplication Equipment,10
3,10,154,Laboratory Equipment (Non-Electronic),12
3,10,155,Landscaping M & E,10
3,10,156,Laundry & Dry Cleaning M & E/(Coin-op),5
3,10,157,Laundry & Dry Cleaning M & E/(Except coin-op),12
3,10,158,Leather Products Mfg. M & E,20
3,10,159,Lumber & Wood Products Industry/Log Stackers,10
3,10,160,Lumber & Wood Products Industry/Logging M & E,10
3,10,161,Lumber & Wood Products Industry/Plywood & Veneer M & E,20
3,10,162,"Lumber & Wood Products Industry/-Pulp, Paper & Paperboard M & E",20
3,10,163,Lumber & Wood Products Industry/Sawmills - Portable,12
3,10,164,Lumber & Wood Products Industry/Sawmills - Stationary,20
3,10,165,Lumber & Wood Products Industry/Scarifying m& E,10
3,10,166,Lumber & Wood Products Industry/Shake & Shingle Mills - Portable,12
3,10,167,Lumber & Wood Products Industry/shake & Shingle Mills - Stationary,20
3,10,168,Machine Shop M & E (Maintenance),8
3,10,169,Machine Shop M & E (Production),8
3,10,170,Mailing Machines,10
3,10,171,Meat Packing M & E,12
3,10,172,Meat Processing M & E (Complex),20
3,10,173,Medical Equipment,12
3,10,174,Medical Equipment/Computer Driven,5
3,10,175,Metal Fabrication & Extrusion Mfg. M & E,20
3,10,176,Metal Sheet Fabrication,8
3,10,177,"Mining, Milling & Quarry M & E",10
3,10,299,Miscellaneous  M & E,10
3,10,178,Mobile Yard Equipment,10
3,10,179,Mortuary Service Equipment,12
3,10,180,Motel Furniture & Equipment,10
3,10,181,Movie (Film Making),8
3,10,182,Music Instruments (Rental),8
3,10,183,Music Studio Recording Equipment,5
3,10,184,Music Systems (Background),5
3,10,185,Newspaper M & E/Other M & E,15
3,10,186,Newspaper M & E/Photographic,10
3,10,187,Newspaper M & E/Press,15
3,10,188,Nursery & Greenhouse M & E,10
3,10,189,Nursing Home Equipment,12
3,10,190,"Office Copy Machines, Faxes & Printers",3
3,10,191,Office Electronic Machines,5
3,10,192,Office Mailing Machines,10
3,10,193,Office Safes,25
3,10,194,Oilfield Rental Tanks,15
3,10,195,Oxygen & Acetylene Tanks,25
3,10,196,P.A. Systems,10
3,10,197,"Packing & Sorting M & E (Fruit, Vegetables, etc.)",12
3,10,198,Paint & Varnish Mfg. M & E,12
3,10,199,"Pallets, Crates, Lugs, Bins, etc.",10
3,10,200,Petroleum Products Industry/Bulk Station Equipment,25
3,10,201,Petroleum Products Industry/Refining M & E,20
3,10,202,Petroleum Products Industry/Service Station Equipment,10
3,10,203,Photography Equipment,8
3,10,204,Photography Equipment/One-hour Photo processing Equipment,8
3,10,205,Plastic Extrusion Equipment,12
3,10,206,Plumbing Shop Equipment,8
3,10,207,Plywood & Veneer Mfg. M & E,20
3,10,208,Pollution Control M & E,15
3,10,209,Pool Hall Equipment,12
3,10,210,Portalets,5
3,10,211,Poultry Plants M & E,12
3,10,212,Power & Generation M & E/Gas & Diesel,10
3,10,213,Power & Generation M & E/Steam,25
3,10,214,Professional Equipment/Libraries,15
3,10,215,"Professional Equipment/Scientific, Doctors, Dentists, etc.",12
3,10,216,Propane Tanks,25
3,10,217,Pulp & Paper Mfg. M & E,20
3,10,218,Radio & Television/Broadcasting Equipment,8
3,10,219,Radio & Television/C.A.T.V. ,10
3,10,220,Radio & Television/Digital Radio Equipment,20
3,10,221,Radio-Telephone Equipment-2-Way,10
3,10,222,Recording Equipment,8
3,10,223,Recording Equipment/Service & Repair Equipment,10
3,10,224,Recording Equipment/Towers,20
3,10,225,Rental Equipmen/Public U-Rent (Except heavy equipment),5
3,10,226,"Rental Equipment/Video Tape, DVD & Game Rental",3
3,10,227,Research & Development M & E,3
3,10,228,"Restaurants, Soda Fountains & Drive-Ins",10
3,10,229,Scaffolding (rental),10
3,10,230,Search Lights,10
3,10,231,Service Station Equipment,10
3,10,232,Sewer Construction Equipment,10
3,10,233,Sewing Equipment,12
3,10,234,Sheet Metal Fabrication,8
3,10,235,Shoes & Leather Products Mfg. M & E,20
3,10,236,Small Tools–perishable,5
3,10,237,Smelting M & E,20
3,10,238,Soft Drink Mfg. M & E (Batch),20
3,10,239,Sugar Cane Refining,20
3,10,240,Supermarkets/Cash Registers & Scanners,5
3,10,241,Supermarkets/PA Systems (Public Address),5
3,10,242,Supermarkets/POS Computer Systems,3
3,10,243,Supermarkets/Walk-in Coolers,12
3,10,244,Surveying Equipment (Also See Professional Equipment),8
3,10,245,Tavern & Bar Equipment,10
3,10,246,Telecommunications Equipment (electronic),8
3,10,247,Telecommunications Equipment Fiber Optic Cable (buried),15
3,10,248,Telecommunications Equipment/Fiber Optic Cable (Exposed),8
3,10,249,Telephone & Intercom Systems/Electronic,8
3,10,250,Telephone & Intercom Systems/Manual (non-electronic),10
3,10,251,"Textile, Tent & Awning Mfg. M & E",20
3,10,252,Theater/Projection Equipment,8
3,10,253,Tire Recapping Equipment,12
3,10,254,"Toilets, Portable",12
3,10,255,Towers/Cellular,20
3,10,256,Tuxedo Rental,5
3,10,258,Upholstery Equipment,10
3,10,259,"VCR & DVD Equipment (If Rental Units, See Rental)",5
3,10,260,Vending Machines,10
3,10,261,Video Games,3
3,10,262,Video Poker Gaming Equipment,5
3,10,263,Warehouse Equipment,12
3,10,264,Water Systems,12
3,10,265,Welding Shop Equipment,12
3,10,266,Winery Equipment,12
3,10,267,Woodworking Shop M & E,8
3,10,268,X-Ray Equipment,12
4,13,0,Other Miscellaneous property,12
4,13,1,"Billboards, Poster Panels & Bulletin Boards",15
4,13,2,Costumes (rental),5
4,13,3,Libraries (Professional),15
4,13,4,Modular Office Buildings (portable),15
4,13,5,Neon Signs,10
4,13,6,Plastic Illuminated Signs,10
4,13,7,Rental Equipment/Linens,3
4,13,8,Rental Equipment/Tuxedos,5
4,13,9,Riverboat Casinos/Dockside on a permanent basis,20
4,13,10,Riverboat Casinos/Required to cruise,15
4,13,11,Signs-Billboards,15
4,13,12,Signs-Bulletin Boards,15
4,13,13,Signs-Electronic Three-sided Billboard,10
4,13,14,Signs-Neon,10
4,13,15,Signs-Plastic Illuminated,10
4,13,16,Signs-Poster Panels,15
4,13,17,Storage Buildings (portable),10
4,13,19,Tenant Renovation,12
4,13,18,Towers/Microwave,20
